Bowl,Team,Points,ESPN Game ID,ESPN Team Name,isFinal,ESPN Team ID,State,date
Myrtle Beach Bowl,Georgia Southern,21,401551733,Georgia Southern Eagles,True,290,post,2023-12-16T16:00Z
Myrtle Beach Bowl,Ohio (Favorite),41,401551733,Ohio Bobcats,True,195,post,2023-12-16T16:00Z
Cricket Celebration Bowl,Florida A&M (Favorite),30,401551470,Florida A&M Rattlers,True,50,post,2023-12-16T17:00Z
Cricket Celebration Bowl,Howard,26,401551470,Howard Bison,True,47,post,2023-12-16T17:00Z
RL Carriers New Orleans Bowl,Jacksonville State (Favorite),34,401551751,Jacksonville State Gamecocks,True,55,post,2023-12-16T19:15Z
RL Carriers New Orleans Bowl,Louisiana,31,401551751,Louisiana Ragin' Cajuns,True,309,post,2023-12-16T19:15Z
Avocados From Mexico Cure Bowl,Appalachian State (Favorite),13,401551731,Appalachian State Mountaineers,True,2026,post,2023-12-16T20:30Z
Avocados From Mexico Cure Bowl,Miami (OH),9,401551731,Miami (OH) RedHawks,True,193,post,2023-12-16T20:30Z
Isleta New Mexico Bowl,Fresno State,37,401551732,Fresno State Bulldogs,True,278,post,2023-12-16T22:45Z
Isleta New Mexico Bowl,New Mexico State (Favorite),10,401551732,New Mexico State Aggies,True,166,post,2023-12-16T22:45Z
LA Bowl,UCLA (Favorite),35,401551752,UCLA Bruins,True,26,post,2023-12-17T00:30Z
LA Bowl,Boise State,22,401551752,Boise State Broncos,True,68,post,2023-12-17T00:30Z
Radiance Technologies Independence Bowl,California,14,401551753,California Golden Bears,True,25,post,2023-12-17T02:15Z
Radiance Technologies Independence Bowl,Texas Tech (Favorite),34,401551753,Texas Tech Red Raiders,True,2641,post,2023-12-17T02:15Z
Famous Toastery Bowl,Old Dominion,35,401551469,Old Dominion Monarchs,True,295,post,2023-12-18T19:30Z
Famous Toastery Bowl,Western Kentucky (Favorite),38,401551469,Western Kentucky Hilltoppers,True,98,post,2023-12-18T19:30Z
Scooters Coffee Frisco Bowl,Marshall,17,401551735,Marshall Thundering Herd,True,276,post,2023-12-20T02:00Z
Scooters Coffee Frisco Bowl,UTSA (Favorite),35,401551735,UTSA Roadrunners,True,2636,post,2023-12-20T02:00Z
RoofClaimcom Boca Raton Bowl,South Florida,45,401551737,South Florida Bulls,True,58,post,2023-12-22T01:00Z
RoofClaimcom Boca Raton Bowl,Syracuse (Favorite),0,401551737,Syracuse Orange,True,183,post,2023-12-22T01:00Z
Union Home Mortgage Gasparilla Bowl,UCF (Favorite),17,401551754,UCF Knights,True,2116,post,2023-12-22T23:30Z
Union Home Mortgage Gasparilla Bowl,Georgia Tech,30,401551754,Georgia Tech Yellow Jackets,True,59,post,2023-12-22T23:30Z
Camellia Bowl,Arkansas State (Favorite),19,401551741,Arkansas State Red Wolves,True,2032,post,2023-12-23T17:00Z
Birmingham Bowl,Duke,17,401551739,Duke Blue Devils,True,150,post,2023-12-23T17:00Z
Camellia Bowl,Northern Illinois,21,401551741,Northern Illinois Huskies,True,2459,post,2023-12-23T17:00Z
Birmingham Bowl,Troy (Favorite),10,401551739,Troy Trojans,True,2653,post,2023-12-23T17:00Z
Lockheed Martin Armed Forces Bowl,Air Force,31,401551742,Air Force Falcons,True,2005,post,2023-12-23T20:30Z
Famous Idaho Potato Bowl,Georgia State (Favorite),45,401551743,Georgia State Panthers,True,2247,post,2023-12-23T20:30Z
Lockheed Martin Armed Forces Bowl,James Madison (Favorite),21,401551742,James Madison Dukes,True,256,post,2023-12-23T20:30Z
Famous Idaho Potato Bowl,Utah State,22,401551743,Utah State Aggies,True,328,post,2023-12-23T20:30Z
68 Ventures Bowl,South Alabama (Favorite),59,401551755,South Alabama Jaguars,True,6,post,2023-12-24T00:00Z
68 Ventures Bowl,Eastern Michigan,10,401551755,Eastern Michigan Eagles,True,2199,post,2023-12-24T00:00Z
SRS Distribution Las Vegas Bowl,Northwestern,14,401551744,Northwestern Wildcats,True,77,post,2023-12-24T00:30Z
SRS Distribution Las Vegas Bowl,Utah (Favorite),7,401551744,Utah Utes,True,254,post,2023-12-24T00:30Z
EasyPost Hawaii Bowl,Coastal Carolina,24,401551746,Coastal Carolina Chanticleers,True,324,post,2023-12-24T03:30Z
EasyPost Hawaii Bowl,San Jose State (Favorite),14,401551746,San José State Spartans,True,23,post,2023-12-24T03:30Z
Quick Lane Bowl,Bowling Green,7,401551756,Bowling Green Falcons,False,189,in,2023-12-26T19:00Z
Quick Lane Bowl,Minnesota (Favorite),0,401551756,Minnesota Golden Gophers,False,135,in,2023-12-26T19:00Z
SERVPRO First Responder Bowl,Rice,0,401551748,Rice Owls,False,242,pre,2023-12-26T22:30Z
SERVPRO First Responder Bowl,Texas State (Favorite),0,401551748,Texas State Bobcats,False,326,pre,2023-12-26T22:30Z
Guaranteed Rate Bowl,Kansas (Favorite),0,401551757,Kansas Jayhawks,False,2305,pre,2023-12-27T02:00Z
Guaranteed Rate Bowl,UNLV,0,401551757,UNLV Rebels,False,2439,pre,2023-12-27T02:00Z
Military Bowl presented by GoBowlingcom,Virginia Tech (Favorite),0,401551758,Virginia Tech Hokies,False,259,pre,2023-12-27T19:00Z
Military Bowl presented by GoBowlingcom,Tulane,0,401551758,Tulane Green Wave,False,2655,pre,2023-12-27T19:00Z
Dukes Mayo Bowl,North Carolina,0,401551761,North Carolina Tar Heels,False,153,pre,2023-12-27T22:30Z
Dukes Mayo Bowl,West Virginia (Favorite),0,401551761,West Virginia Mountaineers,False,277,pre,2023-12-27T22:30Z
DirecTV Holiday Bowl,Louisville (Favorite),0,401581109,Louisville Cardinals,False,97,pre,2023-12-28T01:00Z
DirecTV Holiday Bowl,USC,0,401581109,USC Trojans,False,30,pre,2023-12-28T01:00Z
TaxAct Texas Bowl,Oklahoma State,0,401551749,Oklahoma State Cowboys,False,197,pre,2023-12-28T02:00Z
TaxAct Texas Bowl,Texas A&M (Favorite),0,401551749,Texas A&M Aggies,False,245,pre,2023-12-28T02:00Z
Wasabi Fenway Bowl,Boston College,0,401551750,Boston College Eagles,False,103,pre,2023-12-28T16:00Z
Wasabi Fenway Bowl,SMU (Favorite),0,401551750,SMU Mustangs,False,2567,pre,2023-12-28T16:00Z
Bad Boy Mowers Pinstripe Bowl,Rutgers,0,401551762,Rutgers Scarlet Knights,False,164,pre,2023-12-28T19:15Z
Bad Boy Mowers Pinstripe Bowl,Miami (Favorite),0,401551762,Miami Hurricanes,False,2390,pre,2023-12-28T19:15Z
PopTarts Bowl,Kansas State (Favorite),0,401551764,Kansas State Wildcats,False,2306,pre,2023-12-28T22:45Z
PopTarts Bowl,NC State,0,401551764,NC State Wolfpack,False,152,pre,2023-12-28T22:45Z
Valero Alamo Bowl,Arizona (Favorite),0,401551765,Arizona Wildcats,False,12,pre,2023-12-29T02:15Z
Valero Alamo Bowl,Oklahoma,0,401551765,Oklahoma Sooners,False,201,pre,2023-12-29T02:15Z
TaxSlayer Gator Bowl,Clemson (Favorite),0,401551766,Clemson Tigers,False,228,pre,2023-12-29T17:00Z
TaxSlayer Gator Bowl,Kentucky,0,401551766,Kentucky Wildcats,False,96,pre,2023-12-29T17:00Z
Tony the Tiger Sun Bowl,Notre Dame (Favorite),0,401551798,Notre Dame Fighting Irish,False,87,pre,2023-12-29T19:00Z
Tony the Tiger Sun Bowl,Oregon State,0,401551798,Oregon State Beavers,False,204,pre,2023-12-29T19:00Z
AutoZone Liberty Bowl,Iowa State (Favorite),0,401551767,Iowa State Cyclones,False,66,pre,2023-12-29T20:30Z
AutoZone Liberty Bowl,Memphis,0,401551767,Memphis Tigers,False,235,pre,2023-12-29T20:30Z
Goodyear Cotton Bowl Classic,Ohio State (Favorite),0,401551768,Ohio State Buckeyes,False,194,pre,2023-12-30T01:00Z
Goodyear Cotton Bowl Classic,Missouri,0,401551768,Missouri Tigers,False,142,pre,2023-12-30T01:00Z
ChickfilA Peach Bowl,Ole Miss,0,401551769,Ole Miss Rebels,False,145,pre,2023-12-30T17:00Z
ChickfilA Peach Bowl,Penn State (Favorite),0,401551769,Penn State Nittany Lions,False,213,pre,2023-12-30T17:00Z
TransPerfect Music City Bowl,Auburn (Favorite),0,401551770,Auburn Tigers,False,2,pre,2023-12-30T19:00Z
TransPerfect Music City Bowl,Maryland,0,401551770,Maryland Terrapins,False,120,pre,2023-12-30T19:00Z
Capital One Orange Bowl,Florida State,0,401551773,Florida State Seminoles,False,52,pre,2023-12-30T21:00Z
Capital One Orange Bowl,Georgia (Favorite),0,401551773,Georgia Bulldogs,False,61,pre,2023-12-30T21:00Z
Barstool Sports Arizona Bowl,Wyoming,0,401554566,Wyoming Cowboys,False,2751,pre,2023-12-30T21:30Z
Barstool Sports Arizona Bowl,Toledo (Favorite),0,401554566,Toledo Rockets,False,2649,pre,2023-12-30T21:30Z
ReliaQuest Bowl,Wisconsin,0,401551778,Wisconsin Badgers,False,275,pre,2024-01-01T17:00Z
ReliaQuest Bowl,LSU (Favorite),0,401551778,LSU Tigers,False,99,pre,2024-01-01T17:00Z
CheezIt Citrus Bowl,Iowa,0,401551780,Iowa Hawkeyes,False,2294,pre,2024-01-01T18:00Z
Vrbo Fiesta Bowl,Liberty,0,401551782,Liberty Flames,False,2335,pre,2024-01-01T18:00Z
Vrbo Fiesta Bowl,Oregon (Favorite),0,401551782,Oregon Ducks,False,2483,pre,2024-01-01T18:00Z
CheezIt Citrus Bowl,Tennessee (Favorite),0,401551780,Tennessee Volunteers,False,2633,pre,2024-01-01T18:00Z
CFP Semifinal at the Rose Bowl Game,Alabama,0,401551786,Alabama Crimson Tide,False,333,pre,2024-01-01T22:00Z
CFP Semifinal at the Rose Bowl Game,Michigan (Favorite),0,401551786,Michigan Wolverines,False,130,pre,2024-01-01T22:00Z
CFP Semifinal at the Allstate Sugar Bowl,Washington,0,401551788,Washington Huskies,False,264,pre,2024-01-02T01:45Z
CFP Semifinal at the Allstate Sugar Bowl,Texas (Favorite),0,401551788,Texas Longhorns,False,251,pre,2024-01-02T01:45Z
Natl Championship,Alabama,30,401551789,Alabama Crimson Tide,False,333,in,2024-01-08T07:30Z
Natl Championship,Michigan (Favorite),0,401551789,Michigan Wolverines,False,130,pre,2024-01-08T07:30Z
Natl Championship,Texas (Favorite),20,401551789,Texas Longhorns,False,251,in,2024-01-08T07:30Z
Natl Championship,Washington,0,401551789,Washington Huskies,False,264,pre,2024-01-08T07:30Z
